{
  "images" : [
    {
      "idiom" : "iphone",
      "filename" : "cloud_small-1.png",
      "scale" : "1x"
    },
    {
      "idiom" : "iphone",
      "filename" : "cloud_small@2x-1.png",
      "scale" : "2x"
    },
    {
      "idiom" : "iphone",
      "filename" : "cloud_small@3x-1.png",
      "scale" : "3x"
    },
    {
      "idiom" : "ipad",
      "filename" : "cloud_big.png",
      "scale" : "1x"
    },
    {
      "idiom" : "ipad",
      "filename" : "cloud_big@2x.png",
      "scale" : "2x"
    }
  ],
  "info" : {
    "version" : 1,
    "author" : "xcode"
  }
}